{"cameraMode":{"drawMode":0,"name":"Shaded","section":"Shading Mode"},"sceneLighting":false,"audioPlay":false,"sceneViewState":{"showFog":true,"showMaterialUpdate":false,"showSkybox":false,"showFlares":true,"showImageEffects":true,"showParticleSystems":true},"in2DMode":false,"pivot":{"x":3.725290298461914e-9,"y":0.017565572634339334,"z":-6.984919309616089e-10},"rotation":{"x":-0.08286257833242417,"y":0.852190375328064,"z":-0.1421726942062378,"w":-0.49668237566947939},"size":1.8252007961273194,"orthographic":false}